Fold,r2,mse,mae,rank_corr
0,0.8044376921209337,0.00935894806225419,0.08651872300332804,0.967357910906298
1,0.7481994539991592,0.012050319193033895,0.0995568485113889,0.9729262672811061
2,0.6993079121254346,0.014390102385624735,0.10761960813366143,0.977486559139785
3,0.6899540481226598,0.014837746557616684,0.11210116101399197,0.9859831029185867
