Fold,r2,mse,mae,rank_corr
1,0.952921,0.001407,0.030197,0.975916
2,0.908153,0.002745,0.044686,0.959203
3,0.919534,0.002405,0.041751,0.977198
4,0.900887,0.002962,0.044399,0.958425
Mean,0.920374,0.002380,0.040258,0.967685
Std,0.019932,0.000596,0.005921,0.008887
