Component,count,mean,std,min,25%,50%,75%,max
C01,6.000000,0.547556,0.151646,0.393972,0.446014,0.519381,0.593163,0.813284
C02,6.000000,0.477889,0.199148,0.234355,0.376299,0.444366,0.541986,0.816114
C03,6.000000,0.455189,0.197348,0.297189,0.336407,0.378374,0.491990,0.824917
C04,6.000000,0.542907,0.204950,0.329279,0.376107,0.528412,0.673859,0.823663
