Feature,Importance,Rank
C21,0.175609,1
C23,0.112723,2
C26,0.098594,3
C29,0.088434,4
C22,0.080408,5
C24,0.070960,6
C25,0.069898,7
C27,0.064144,8
C28,0.061214,9
C17,0.029263,10
C15,0.024981,11
C05,0.015379,12
C20,0.014305,13
C16,0.012363,14
C08,0.011144,15
C14,0.011092,16
C18,0.010450,17
C13,0.009028,18
C19,0.007939,19
C06,0.006798,20
C11,0.004522,21
C02,0.003818,22
C03,0.003325,23
C01,0.002952,24
C04,0.002781,25
C07,0.002441,26
C09,0.002028,27
C12,0.002013,28
C10,0.001395,29
