Feature,Importance,Rank
C17,0.167736,1
C15,0.141288,2
C14,0.114618,3
C16,0.085900,4
C18,0.068845,5
C05,0.052940,6
C19,0.047949,7
C20,0.045399,8
C11,0.039224,9
C13,0.036724,10
C12,0.034343,11
C03,0.033968,12
C08,0.031654,13
C06,0.029531,14
C02,0.025767,15
C04,0.012166,16
C07,0.011336,17
C09,0.010422,18
C01,0.005940,19
C10,0.004250,20
