Rank,Entity,TOPSIS_Score,TOPSIS_Rank,Dynamic_TOPSIS_Score,VIKOR_Q,VIKOR_Rank,PROMETHEE_Phi_Net,PROMETHEE_Rank,COPRAS_Utility,COPRAS_Rank,EDAS_AS,EDAS_Rank,Fuzzy_TOPSIS_Score,Fuzzy_TOPSIS_Rank,Fuzzy_VIKOR_Q,Fuzzy_VIKOR_Rank,Fuzzy_PROMETHEE_Phi_Net,Fuzzy_PROMETHEE_Rank,Fuzzy_COPRAS_Utility,Fuzzy_COPRAS_Rank,Fuzzy_EDAS_AS,Fuzzy_EDAS_Rank,Final_Score,Final_Rank,Kendall_W
1,P01,0.753359,1,0.576679,0.010620,1,0.699920,1,100.000000,1,1.000000,1,0.845138,1,0.010620,1,0.694932,1,100.000000,1,1.000000,1,4.818182,1,0.945218
2,P03,0.690187,2,0.665591,0.106782,2,0.580691,2,86.619430,2,0.778721,2,0.671758,2,0.106782,2,0.561467,2,86.646821,2,0.778721,2,4.000000,2,0.945218
3,P02,0.523170,3,0.738365,0.302970,3,0.015278,3,70.918433,3,0.501543,3,0.435072,3,0.314168,3,0.024369,3,70.965284,3,0.501543,3,3.181818,3,0.945218
4,P04,0.243804,4,0.412826,0.763943,4,-0.077600,4,61.302255,4,0.323731,4,0.274737,4,0.763943,4,-0.087251,4,61.365576,4,0.323731,4,2.000000,4,0.945218
5,P06,0.095875,5,0.198302,0.968409,6,-0.533554,5,48.872841,5,0.076907,5,0.091158,5,0.968409,6,-0.525502,5,48.921013,5,0.076907,5,0.818182,5,0.945218
6,P05,0.068559,6,0.188155,0.939109,5,-0.684735,6,45.245810,6,0.000000,6,0.042870,6,0.939109,5,-0.668014,6,45.312351,6,0.000000,6,0.181818,6,0.945218
