{
  "prediction_year": 2025,
  "training_years": [
    2011,
    2012,
    2013,
    2014,
    2015,
    2016,
    2017,
    2018,
    2019,
    2020,
    2021,
    2022,
    2023,
    2024
  ],
  "n_entities": 64,
  "n_components": 29,
  "top_predicted_entity": "P14",
  "top_predicted_score": 0.8585260461831229,
  "mean_predicted_score": 0.4895338043778361,
  "model_contributions": {
    "GradientBoosting": 0.0022442642378238346,
    "RandomForest": 5.365050833966606e-07,
    "BayesianRidge": 0.9977551667247605,
    "Huber": 3.253233232169739e-08
  }
}