Entity,TOPSIS_Score,TOPSIS_Rank,TOPSIS_Distance_Positive,TOPSIS_Distance_Negative,Dynamic_TOPSIS_Score,VIKOR_Q,VIKOR_S,VIKOR_R,VIKOR_Rank,PROMETHEE_Phi_Net,PROMETHEE_Phi_Positive,PROMETHEE_Phi_Negative,PROMETHEE_Rank,COPRAS_Utility,COPRAS_Q,COPRAS_Rank,EDAS_AS,EDAS_SP,EDAS_SN,EDAS_Rank,Fuzzy_TOPSIS_Score,Fuzzy_TOPSIS_Rank,Fuzzy_VIKOR_Q,Fuzzy_VIKOR_S,Fuzzy_VIKOR_R,Fuzzy_VIKOR_Rank,Fuzzy_PROMETHEE_Phi_Net,Fuzzy_PROMETHEE_Rank,Fuzzy_COPRAS_Utility,Fuzzy_COPRAS_Q,Fuzzy_COPRAS_Rank,Fuzzy_EDAS_AS,Fuzzy_EDAS_Rank
P01,0.753359,1,0.054793,0.167363,0.576679,0.010620,0.155894,0.155894,1,0.699920,0.804622,0.104701,1,100.000000,0.242155,1,1.000000,0.452930,0.000000,1,0.845138,1,0.010620,0.155894,0.155894,1,0.694932,1,100.000000,0.242628,1,1.000000,1
P03,0.690187,2,0.079701,0.177555,0.665591,0.106782,0.327328,0.148677,2,0.580691,0.728119,0.147428,2,86.619430,0.209753,2,0.778721,0.277269,0.018750,2,0.671758,2,0.106782,0.327328,0.148677,2,0.561467,2,86.646821,0.210229,2,0.778721,2
P02,0.523170,3,0.112838,0.123804,0.738365,0.302970,0.570208,0.179191,3,0.015278,0.375745,0.360467,3,70.918433,0.171732,3,0.501543,0.120449,0.090054,3,0.435072,3,0.314168,0.570208,0.186801,3,0.024369,3,70.965284,0.172182,3,0.501543,3
P04,0.243804,4,0.166605,0.053715,0.412826,0.763943,0.723593,0.427517,4,-0.077600,0.352960,0.430561,4,61.302255,0.148446,4,0.323731,0.047056,0.156378,4,0.274737,4,0.763943,0.723593,0.427517,4,-0.087251,4,61.365576,0.148890,4,0.323731,4
P06,0.095875,5,0.199445,0.021150,0.198302,0.968409,0.907905,0.488446,6,-0.533554,0.083010,0.616564,5,48.872841,0.118348,5,0.076907,0.000000,0.289912,5,0.091158,5,0.968409,0.907905,0.488446,6,-0.525502,5,48.921013,0.118696,5,0.076907,5
P05,0.068559,6,0.197584,0.014543,0.188155,0.939109,0.958623,0.447069,5,-0.684735,0.027585,0.712320,6,45.245810,0.109565,6,0.000000,0.000000,0.342610,6,0.042870,6,0.939109,0.958623,0.447069,5,-0.668014,6,45.312351,0.109940,6,0.000000,6
