r2,mse,mae
0.845585,0.005303,0.062186
