r2,mse,mae
0.900887,0.002962,0.044399
