Criterion,Sensitivity_Index,Rank
C01,1.000000,1
C05,0.637681,2
C02,0.628019,3
C04,0.589372,4
C03,0.579710,5
C17,0.512077,6
C19,0.381643,7
C18,0.376812,8
C20,0.371981,9
C08,0.362319,10
C16,0.328502,11
C09,0.275362,12
C15,0.275362,13
C14,0.270531,14
C13,0.260870,15
C06,0.256039,16
C07,0.256039,17
C11,0.236715,18
C10,0.207729,19
C12,0.144928,20
