Criterion,Sensitivity_Index,Rank
C01,1.000000,1
C05,0.822034,2
C03,0.745763,3
C02,0.737288,4
C04,0.593220,5
C17,0.593220,6
C19,0.576271,7
C14,0.567797,8
C09,0.550847,9
C18,0.550847,10
C08,0.542373,11
C13,0.542373,12
C15,0.542373,13
C16,0.516949,14
C11,0.508475,15
C07,0.500000,16
C10,0.491525,17
C20,0.474576,18
C06,0.389831,19
C26,0.330508,20
C22,0.271186,21
C28,0.245763,22
C23,0.237288,23
C12,0.220339,24
C27,0.220339,25
C21,0.211864,26
C29,0.203390,27
C24,0.194915,28
C25,0.169492,29
