Criterion,Sensitivity_Index,Rank
C01,1.000000,1
C02,0.793296,2
C03,0.776536,3
C04,0.776536,4
C05,0.731844,5
C16,0.636872,6
C17,0.631285,7
C08,0.614525,8
C13,0.614525,9
C07,0.586592,10
C15,0.586592,11
C20,0.569832,12
C09,0.558659,13
C18,0.553073,14
C19,0.536313,15
C10,0.530726,16
C14,0.530726,17
C11,0.513966,18
C06,0.458101,19
C12,0.340782,20
