Criterion,Sensitivity_Index,Rank
C01,0.000000,1
C02,0.000000,2
C03,0.000000,3
C04,0.000000,4
