Component,Entropy_Weight,Critic_Weight,Merec_Weight,Std_Dev_Weight,Fused_Weight,Mean_Weight,Std_Weight,Rank
C04,0.295080,0.456520,0.453326,0.287489,0.488446,0.396172,0.086550,1
C03,0.286984,0.208356,0.210673,0.249241,0.193440,0.229739,0.034046,2
C01,0.229802,0.202821,0.208428,0.229178,0.179673,0.209980,0.018621,3
C02,0.188134,0.132302,0.127572,0.234092,0.138441,0.164108,0.041183,4
